USE SRP;

-- Insert 50 Students
INSERT INTO Students (student_id, name, department) VALUES
(1, 'Amit Sharma', 'CSE'),
(2, 'Neha Verma', 'ECE'),
(3, 'Rohit Kumar', 'ME'),
(4, 'Priya Singh', 'CSE'),
(5, 'Vikram Patel', 'EEE'),
(6, 'Sneha Nair', 'IT'),
(7, 'Arjun Mehta', 'CSE'),
(8, 'Pooja Rani', 'ECE'),
(9, 'Karan Gupta', 'ME'),
(10, 'Simran Kaur', 'IT'),
(11, 'Rahul Joshi', 'CSE'),
(12, 'Divya Menon', 'ECE'),
(13, 'Ankit Yadav', 'ME'),
(14, 'Meena Kumari', 'EEE'),
(15, 'Saurabh Mishra', 'IT'),
(16, 'Shweta Jain', 'CSE'),
(17, 'Deepak Singh', 'ECE'),
(18, 'Riya Sinha', 'ME'),
(19, 'Abhishek Das', 'EEE'),
(20, 'Komal Thakur', 'IT'),
(21, 'Mohit Rana', 'CSE'),
(22, 'Anjali Pandey', 'ECE'),
(23, 'Sandeep Rai', 'ME'),
(24, 'Kavita Ghosh', 'EEE'),
(25, 'Harsh Vardhan', 'IT'),
(26, 'Manish Kumar', 'CSE'),
(27, 'Swati Agarwal', 'ECE'),
(28, 'Rajeev Ranjan', 'ME'),
(29, 'Tanya Kapoor', 'EEE'),
(30, 'Nitin Malhotra', 'IT'),
(31, 'Akhil Reddy', 'CSE'),
(32, 'Sonali Mishra', 'ECE'),
(33, 'Aditya Prasad', 'ME'),
(34, 'Geeta Devi', 'EEE'),
(35, 'Mayank Arora', 'IT'),
(36, 'Pallavi Singh', 'CSE'),
(37, 'Tarun Khanna', 'ECE'),
(38, 'Jyoti Sharma', 'ME'),
(39, 'Rakesh Chauhan', 'EEE'),
(40, 'Nisha Rathore', 'IT'),
(41, 'Umesh Jha', 'CSE'),
(42, 'Alka Verma', 'ECE'),
(43, 'Ashish Bansal', 'ME'),
(44, 'Rekha Patil', 'EEE'),
(45, 'Chetan Garg', 'IT'),
(46, 'Poonam Saxena', 'CSE'),
(47, 'Aadesh Rawat', 'ECE'),
(48, 'Monika Yadav', 'ME'),
(49, 'Gaurav Sharma', 'EEE'),
(50, 'Kirti Chauhan', 'IT');

-- Insert 50 Courses
INSERT INTO Courses (course_id, course_name, credits) VALUES
(101, 'Data Structures', 4),
(102, 'Digital Electronics', 3),
(103, 'Thermodynamics', 3),
(104, 'Database Systems', 4),
(105, 'Operating Systems', 4),
(106, 'Computer Networks', 3),
(107, 'Software Engineering', 3),
(108, 'Artificial Intelligence', 4),
(109, 'Machine Learning', 4),
(110, 'Computer Graphics', 3),
(111, 'Compiler Design', 4),
(112, 'Cyber Security', 3),
(113, 'Cloud Computing', 3),
(114, 'Big Data Analytics', 4),
(115, 'Microprocessors', 3),
(116, 'VLSI Design', 3),
(117, 'Signal Processing', 3),
(118, 'Embedded Systems', 4),
(119, 'Robotics', 4),
(120, 'IoT Fundamentals', 3),
(121, 'Renewable Energy', 3),
(122, 'Fluid Mechanics', 3),
(123, 'Heat Transfer', 3),
(124, 'Automobile Engineering', 4),
(125, 'Manufacturing Tech', 3),
(126, 'Material Science', 3),
(127, 'Power Electronics', 3),
(128, 'Control Systems', 4),
(129, 'Electrical Machines', 3),
(130, 'HVDC Systems', 3),
(131, 'Computer Vision', 4),
(132, 'Data Mining', 3),
(133, 'Mobile Computing', 3),
(134, 'Distributed Systems', 4),
(135, 'Blockchain Basics', 3),
(136, 'Quantum Computing', 4),
(137, 'Bioinformatics', 3),
(138, 'Game Development', 3),
(139, 'Parallel Computing', 4),
(140, 'Neural Networks', 4),
(141, 'Ethical Hacking', 3),
(142, 'Augmented Reality', 3),
(143, 'Virtual Reality', 4),
(144, 'Web Development', 4),
(145, 'Cloud Architecture', 3),
(146, 'Data Privacy', 3),
(147, 'E-Commerce Systems', 3),
(148, 'Digital Marketing', 3),
(149, 'Entrepreneurship', 3),
(150, 'Project Management', 3);

-- Insert 50 Semesters
INSERT INTO Semesters (semester_id, semester_name, year) VALUES
(1, 'Semester 1', 2020),
(2, 'Semester 2', 2020),
(3, 'Semester 3', 2021),
(4, 'Semester 4', 2021),
(5, 'Semester 5', 2022),
(6, 'Semester 6', 2022),
(7, 'Semester 7', 2023),
(8, 'Semester 8', 2023),
(9, 'Semester 9', 2024),
(10, 'Semester 10', 2024),
(11, 'Semester 11', 2020),
(12, 'Semester 12', 2020),
(13, 'Semester 13', 2021),
(14, 'Semester 14', 2021),
(15, 'Semester 15', 2022),
(16, 'Semester 16', 2022),
(17, 'Semester 17', 2023),
(18, 'Semester 18', 2023),
(19, 'Semester 19', 2024),
(20, 'Semester 20', 2024),
(21, 'Semester 21', 2020),
(22, 'Semester 22', 2020),
(23, 'Semester 23', 2021),
(24, 'Semester 24', 2021),
(25, 'Semester 25', 2022),
(26, 'Semester 26', 2022),
(27, 'Semester 27', 2023),
(28, 'Semester 28', 2023),
(29, 'Semester 29', 2024),
(30, 'Semester 30', 2024),
(31, 'Semester 31', 2020),
(32, 'Semester 32', 2020),
(33, 'Semester 33', 2021),
(34, 'Semester 34', 2021),
(35, 'Semester 35', 2022),
(36, 'Semester 36', 2022),
(37, 'Semester 37', 2023),
(38, 'Semester 38', 2023),
(39, 'Semester 39', 2024),
(40, 'Semester 40', 2024),
(41, 'Semester 41', 2020),
(42, 'Semester 42', 2020),
(43, 'Semester 43', 2021),
(44, 'Semester 44', 2021),
(45, 'Semester 45', 2022),
(46, 'Semester 46', 2022),
(47, 'Semester 47', 2023),
(48, 'Semester 48', 2023),
(49, 'Semester 49', 2024),
(50, 'Semester 50', 2024);

-- Insert 50 Enrollments (random mapping)
INSERT INTO Enrollments (student_id, course_id, semester_id) VALUES
(1, 101, 1),
(2, 102, 2),
(3, 103, 3),
(4, 104, 4),
(5, 105, 5),
(6, 106, 6),
(7, 107, 7),
(8, 108, 8),
(9, 109, 9),
(10, 110, 10),
(11, 111, 11),
(12, 112, 12),
(13, 113, 13),
(14, 114, 14),
(15, 115, 15),
(16, 116, 16),
(17, 117, 17),
(18, 118, 18),
(19, 119, 19),
(20, 120, 20),
(21, 121, 21),
(22, 122, 22),
(23, 123, 23),
(24, 124, 24),
(25, 125, 25),
(26, 126, 26),
(27, 127, 27),
(28, 128, 28),
(29, 129, 29),
(30, 130, 30),
(31, 131, 31),
(32, 132, 32),
(33, 133, 33),
(34, 134, 34),
(35, 135, 35),
(36, 136, 36),
(37, 137, 37),
(38, 138, 38),
(39, 139, 39),
(40, 140, 40),
(41, 141, 41),
(42, 142, 42),
(43, 143, 43),
(44, 144, 44),
(45, 145, 45),
(46, 146, 46),
(47, 147, 47),
(48, 148, 48),
(49, 149, 49),
(50, 150, 50);

-- Insert 50 Grades
INSERT INTO Grades (enrollment_id, marks, grade, gpa) VALUES
(1, 85, 'A', 4.0),
(2, 78, 'B+', 3.5),
(3, 92, 'A+', 4.0),
(4, 65, 'C', 2.0),
(5, 70, 'B', 3.0),
(6, 88, 'A', 4.0),
(7, 55, 'D', 1.5),
(8, 74, 'B', 3.0),
(9, 81, 'A-', 3.7),
(10, 95, 'A+', 4.0),
(11, 67, 'C+', 2.3),
(12, 72, 'B', 3.0),
(13, 89, 'A', 4.0),
(14, 91, 'A+', 4.0),
(15, 76, 'B+', 3.5),
(16, 64, 'C', 2.0),
(17, 59, 'D', 1.5),
(18, 82, 'A-', 3.7),
(19, 73, 'B', 3.0),
(20, 87, 'A', 4.0),
(21, 60, 'D', 1.5),
(22, 71, 'B-', 2.7),
(23, 84, 'A-', 3.7),
(24, 68, 'C+', 2.3),
(25, 79, 'B+', 3.5),
(26, 93, 'A+', 4.0),
(27, 66, 'C', 2.0),
(28, 90, 'A+', 4.0),
(29, 58, 'D', 1.5),
(30, 83, 'A-', 3.7),
(31, 74, 'B', 3.0),
(32, 62, 'C-', 1.7),
(33, 86, 'A', 4.0),
(34, 69, 'C+', 2.3),
(35, 94, 'A+', 4.0),
(36, 61, 'D', 1.5),
(37, 77, 'B+', 3.5),
(38, 80, 'B+', 3.5),
(39, 56, 'D', 1.5),
(40, 75, 'B', 3.0),
(41, 88, 'A', 4.0),
(42, 63, 'C', 2.0),
(43, 96, 'A+', 4.0),
(44, 54, 'F', 0.0),
(45, 85, 'A', 4.0),
(46, 72, 'B', 3.0),
(47, 89, 'A', 4.0),
(48, 66, 'C', 2.0),
(49, 78, 'B+', 3.5),
(50, 91, 'A+', 4.0);
